url_path,views_total,views_unique
/miroapp/api-clients/tree/main/packages/miro-api-python/example,75,31
/miroapp/api-clients,29,23
/miroapp/api-clients/blob/main/packages/miro-api-python/example/app.py,20,7
/miroapp/api-clients/tree/main/packages/miro-api,19,4
/miroapp/api-clients/tree/main/packages/miro-api-python,16,8
/miroapp/api-clients/tree/main/apps,12,6
/miroapp/api-clients/tree/main/packages/miro-api/.openapi-generator,9,1
/miroapp/api-clients/blob/main/packages/miro-api/model/frameCreateRequest.ts,7,1
/miroapp/api-clients/tree/main/packages/miro-api-python/scripts,6,4
/miroapp/api-clients/blob/main/apps/fastify/fastify.js,6,3
